id,date,timestamp,level,status,method,host,pathname,event_message,headers,regions,log_type,latency,log_count,logs,auth_user
074f96e3-f8a1-4702-bb4c-74f17d8158fc,"""2026-06-29T16:18:35.751Z""",2026-06-29T16:18:35.751000,success,00000,,,,"connection authenticated: identity=""postgres"" method=scram-sha-256 (/etc/postgresql/pg_hba.conf:97)",{},[],postgres,0,null,[],null
691754b8-5d95-4b82-b5b8-3aaac30cede3,"""2026-06-29T16:18:35.736Z""",2026-06-29T16:18:35.736000,success,00000,,,,"connection authenticated: identity=""postgres"" method=scram-sha-256 (/etc/postgresql/pg_hba.conf:97)",{},[],postgres,0,null,[],null
edec5d01-bbfa-4dc4-8351-8d932d4d321d,"""2026-06-29T16:18:35.131Z""",2026-06-29T16:18:35.131000,error,42P01,,,,"relation ""supabase_migrations.schema_migrations"" does not exist",{},[],postgres,0,null,[],null
948b352e-0cfa-46d0-8c76-1754858769fa,"""2026-06-29T16:18:35.016Z""",2026-06-29T16:18:35.016000,success,00000,,,,"connection authenticated: identity=""postgres"" method=scram-sha-256 (/etc/postgresql/pg_hba.conf:97)",{},[],postgres,0,null,[],null
03ff421e-64e5-4a73-acfa-58dae1ff3868,"""2026-06-29T16:18:35.008Z""",2026-06-29T16:18:35.008000,success,00000,,,,"connection authenticated: identity=""postgres"" method=scram-sha-256 (/etc/postgresql/pg_hba.conf:97)",{},[],postgres,0,null,[],null
7187e5f7-7657-4ddf-a7a0-06a373355273,"""2026-06-29T16:18:34.935Z""",2026-06-29T16:18:34.935000,success,00000,,,,"connection authenticated: identity=""postgres"" method=scram-sha-256 (/etc/postgresql/pg_hba.conf:97)",{},[],postgres,0,null,[],null
65d56093-b733-4bb0-b93a-057343e5360c,"""2026-06-29T16:18:34.367Z""",2026-06-29T16:18:34.367000,success,00000,,,,"connection authorized: user=pgbouncer database=postgres SSL enabled (protocol=TLSv1.3, cipher=TLS_AES_256_GCM_SHA384, bits=256)",{},[],postgres,0,null,[],null
6c462e4a-67c6-4b61-8c50-b08cbe53a87f,"""2026-06-29T16:18:34.367Z""",2026-06-29T16:18:34.367000,success,00000,,,,"connection authenticated: user=""pgbouncer"" method=trust (/etc/postgresql/pg_hba.conf:87)",{},[],postgres,0,null,[],null
90a378f5-9126-4d25-b5fc-64f4f04a07a1,"""2026-06-29T16:18:34.361Z""",2026-06-29T16:18:34.361000,success,00000,,,,connection received: host=2600:1f18:2a66:6e00:d335:d85c:6dd1:b088 port=47450,{},[],postgres,0,null,[],null
173e3525-9de1-4502-81c3-76f0596780fa,"""2026-06-29T16:18:34.320Z""",2026-06-29T16:18:34.320000,success,00000,,,,connection received: host=2600:1f18:2a66:6e05:c8f6:f02d:c017:29c8 port=34782,{},[],postgres,0,null,[],null
ec816dc7-52a9-417d-8218-1e77b1735052,"""2026-06-29T16:18:31.096Z""",2026-06-29T16:18:31.096000,success,00000,,,,connection received: host=2600:1f18:2a66:6e07:5acf:71a9:f791:6dfa port=44614,{},[],postgres,0,null,[],null
6db7b96a-7262-47d8-99d3-0907be7a7857,"""2026-06-29T14:26:49.112Z""",2026-06-29T14:26:49.112000,success,00000,,,,"checkpoint complete: wrote 5 buffers (0.0%); 0 WAL file(s) added, 0 removed, 2 recycled; write=0.595 s, sync=0.003 s, total=0.618 s; sync files=5, longest=0.003 s, average=0.001 s; distance=32768 kB, estimate=48992 kB; lsn=3/66000060, redo lsn=3/65000028",{},[],postgres,0,null,[],null
ae863bcd-bc71-4039-8858-e75a44f02396,"""2026-06-29T14:26:48.493Z""",2026-06-29T14:26:48.493000,success,00000,,,,checkpoint starting: time,{},[],postgres,0,null,[],null
97cea164-fd60-443f-bc23-ca9c099dccec,"""2026-06-29T14:23:32.190Z""",2026-06-29T14:23:32.190000,success,00000,,,,"connection authorized: user=authenticator database=postgres application_name=PostgREST 14.5 SSL enabled (protocol=TLSv1.3, cipher=TLS_AES_256_GCM_SHA384, bits=256)",{},[],postgres,0,null,[],null
1bc065cf-171e-4b36-8b26-30fb9aae5c03,"""2026-06-29T14:23:32.190Z""",2026-06-29T14:23:32.190000,success,00000,,,,"connection authorized: user=authenticator database=postgres application_name=PostgREST 14.5 SSL enabled (protocol=TLSv1.3, cipher=TLS_AES_256_GCM_SHA384, bits=256)",{},[],postgres,0,null,[],null
6d32df11-245a-41df-8571-726d159211c5,"""2026-06-29T14:23:32.190Z""",2026-06-29T14:23:32.190000,success,00000,,,,"connection authorized: user=authenticator database=postgres application_name=PostgREST 14.5 SSL enabled (protocol=TLSv1.3, cipher=TLS_AES_256_GCM_SHA384, bits=256)",{},[],postgres,0,null,[],null
873150f3-2857-4bfc-b210-1f4b1cb3d1c6,"""2026-06-29T14:23:32.189Z""",2026-06-29T14:23:32.189000,success,00000,,,,"connection authorized: user=authenticator database=postgres application_name=PostgREST 14.5 SSL enabled (protocol=TLSv1.3, cipher=TLS_AES_256_GCM_SHA384, bits=256)",{},[],postgres,0,null,[],null
08873d7b-b5b1-4109-92fe-2e80c27cea3d,"""2026-06-29T14:23:32.189Z""",2026-06-29T14:23:32.189000,success,00000,,,,"connection authorized: user=authenticator database=postgres application_name=PostgREST 14.5 SSL enabled (protocol=TLSv1.3, cipher=TLS_AES_256_GCM_SHA384, bits=256)",{},[],postgres,0,null,[],null
733c7058-d05e-43e1-8f49-0d42a8a38cd1,"""2026-06-29T14:23:32.189Z""",2026-06-29T14:23:32.189000,success,00000,,,,"connection authorized: user=authenticator database=postgres application_name=PostgREST 14.5 SSL enabled (protocol=TLSv1.3, cipher=TLS_AES_256_GCM_SHA384, bits=256)",{},[],postgres,0,null,[],null
43570a12-9964-4ece-84a2-092c9926354c,"""2026-06-29T14:23:32.189Z""",2026-06-29T14:23:32.189000,success,00000,,,,"connection authorized: user=authenticator database=postgres application_name=PostgREST 14.5 SSL enabled (protocol=TLSv1.3, cipher=TLS_AES_256_GCM_SHA384, bits=256)",{},[],postgres,0,null,[],null
9d6ef838-ae62-4bcd-bf81-5c2566271263,"""2026-06-29T12:56:48.458Z""",2026-06-29T12:56:48.458000,success,00000,,,,"checkpoint complete: wrote 5 buffers (0.0%); 0 WAL file(s) added, 0 removed, 2 recycled; write=0.539 s, sync=0.005 s, total=0.579 s; sync files=5, longest=0.004 s, average=0.001 s; distance=32753 kB, estimate=50794 kB; lsn=3/63000080, redo lsn=3/63000028",{},[],postgres,0,null,[],null
df782a6e-628b-45f8-a9d7-f13b875ba263,"""2026-06-29T12:56:47.880Z""",2026-06-29T12:56:47.880000,success,00000,,,,checkpoint starting: time,{},[],postgres,0,null,[],null
ab7b7cb2-0092-4281-b4ec-dfbf8c3bd179,"""2026-06-29T12:55:09.261Z""",2026-06-29T12:55:09.261000,success,00000,,,,"connection authorized: user=authenticator database=postgres application_name=PostgREST 14.5 SSL enabled (protocol=TLSv1.3, cipher=TLS_AES_256_GCM_SHA384, bits=256)",{},[],postgres,0,null,[],null
d9a87c01-a15a-41cb-a806-d3ba1d08d46d,"""2026-06-29T12:55:09.247Z""",2026-06-29T12:55:09.247000,success,00000,,,,"connection authorized: user=authenticator database=postgres application_name=PostgREST 14.5 SSL enabled (protocol=TLSv1.3, cipher=TLS_AES_256_GCM_SHA384, bits=256)",{},[],postgres,0,null,[],null
00a38f64-f41e-49d1-8a2d-08eeae54d0b2,"""2026-06-29T12:55:09.148Z""",2026-06-29T12:55:09.148000,success,00000,,,,"connection authorized: user=authenticator database=postgres application_name=PostgREST 14.5 SSL enabled (protocol=TLSv1.3, cipher=TLS_AES_256_GCM_SHA384, bits=256)",{},[],postgres,0,null,[],null
698f4476-ebad-420b-9b41-a711b8365bb1,"""2026-06-29T12:55:09.091Z""",2026-06-29T12:55:09.091000,success,00000,,,,"connection authorized: user=authenticator database=postgres application_name=PostgREST 14.5 SSL enabled (protocol=TLSv1.3, cipher=TLS_AES_256_GCM_SHA384, bits=256)",{},[],postgres,0,null,[],null
4f3bc5e8-3cbd-449d-994c-790ef4bbd818,"""2026-06-29T12:54:58.753Z""",2026-06-29T12:54:58.753000,success,00000,,,,"connection authorized: user=authenticator database=postgres application_name=PostgREST 14.5 SSL enabled (protocol=TLSv1.3, cipher=TLS_AES_256_GCM_SHA384, bits=256)",{},[],postgres,0,null,[],null
93e22871-1216-41f1-ab27-3494f3b670cd,"""2026-06-29T12:54:58.665Z""",2026-06-29T12:54:58.665000,success,00000,,,,"connection authorized: user=authenticator database=postgres application_name=PostgREST 14.5 SSL enabled (protocol=TLSv1.3, cipher=TLS_AES_256_GCM_SHA384, bits=256)",{},[],postgres,0,null,[],null
ad9b10d0-adea-422e-9904-def59931f4dd,"""2026-06-29T12:54:58.521Z""",2026-06-29T12:54:58.521000,success,00000,,,,"connection authorized: user=authenticator database=postgres application_name=PostgREST 14.5 SSL enabled (protocol=TLSv1.3, cipher=TLS_AES_256_GCM_SHA384, bits=256)",{},[],postgres,0,null,[],null
0f776e6e-bdbf-41bf-a4cd-328d072cf389,"""2026-06-29T12:32:01.285Z""",2026-06-29T12:32:01.285000,success,00000,,,,"connection authorized: user=authenticator database=postgres application_name=PostgREST 14.5 SSL enabled (protocol=TLSv1.3, cipher=TLS_AES_256_GCM_SHA384, bits=256)",{},[],postgres,0,null,[],null
e357885d-05a5-465a-bc88-2bfb3ddd05a9,"""2026-06-29T12:32:01.284Z""",2026-06-29T12:32:01.284000,success,00000,,,,"connection authorized: user=authenticator database=postgres application_name=PostgREST 14.5 SSL enabled (protocol=TLSv1.3, cipher=TLS_AES_256_GCM_SHA384, bits=256)",{},[],postgres,0,null,[],null
05c6b1dd-1438-4010-af4f-76bfdc211820,"""2026-06-29T12:32:01.284Z""",2026-06-29T12:32:01.284000,success,00000,,,,"connection authorized: user=authenticator database=postgres application_name=PostgREST 14.5 SSL enabled (protocol=TLSv1.3, cipher=TLS_AES_256_GCM_SHA384, bits=256)",{},[],postgres,0,null,[],null
0e8aa6f7-ea13-454f-a42f-82f88b9b86d7,"""2026-06-29T12:32:01.283Z""",2026-06-29T12:32:01.283000,success,00000,,,,"connection authorized: user=authenticator database=postgres application_name=PostgREST 14.5 SSL enabled (protocol=TLSv1.3, cipher=TLS_AES_256_GCM_SHA384, bits=256)",{},[],postgres,0,null,[],null
cd428a38-d571-4b9c-956c-38a3c3dbb4b8,"""2026-06-29T12:32:01.281Z""",2026-06-29T12:32:01.281000,success,00000,,,,"connection authorized: user=authenticator database=postgres application_name=PostgREST 14.5 SSL enabled (protocol=TLSv1.3, cipher=TLS_AES_256_GCM_SHA384, bits=256)",{},[],postgres,0,null,[],null
0856ceb6-54ee-40a6-a290-b0885b6493c1,"""2026-06-29T12:32:01.280Z""",2026-06-29T12:32:01.280000,success,00000,,,,"connection authorized: user=authenticator database=postgres application_name=PostgREST 14.5 SSL enabled (protocol=TLSv1.3, cipher=TLS_AES_256_GCM_SHA384, bits=256)",{},[],postgres,0,null,[],null
b58b2799-95d8-4973-99a0-42b835612805,"""2026-06-29T12:32:01.280Z""",2026-06-29T12:32:01.280000,success,00000,,,,"connection authorized: user=authenticator database=postgres application_name=PostgREST 14.5 SSL enabled (protocol=TLSv1.3, cipher=TLS_AES_256_GCM_SHA384, bits=256)",{},[],postgres,0,null,[],null
70ca1fa3-64ac-4cc0-8357-d73f9fd5f8c4,"""2026-06-29T12:21:48.255Z""",2026-06-29T12:21:48.255000,success,00000,,,,"checkpoint complete: wrote 5 buffers (0.0%); 0 WAL file(s) added, 0 removed, 1 recycled; write=0.564 s, sync=0.005 s, total=0.593 s; sync files=5, longest=0.004 s, average=0.001 s; distance=16398 kB, estimate=52799 kB; lsn=3/61003AC8, redo lsn=3/61003A70",{},[],postgres,0,null,[],null
be452c84-c40e-48d5-aa2a-f99b07249736,"""2026-06-29T12:21:47.664Z""",2026-06-29T12:21:47.664000,success,00000,,,,checkpoint starting: time,{},[],postgres,0,null,[],null
55fcf4e0-1eba-43f7-bf1f-c827a9bfbe6a,"""2026-06-29T12:21:25.857Z""",2026-06-29T12:21:25.857000,success,00000,,,,"connection authorized: user=authenticator database=postgres application_name=PostgREST 14.5 SSL enabled (protocol=TLSv1.3, cipher=TLS_AES_256_GCM_SHA384, bits=256)",{},[],postgres,0,null,[],null
d30fb5de-d764-4674-acf1-152edd224bb6,"""2026-06-29T12:21:25.857Z""",2026-06-29T12:21:25.857000,success,00000,,,,"connection authorized: user=authenticator database=postgres application_name=PostgREST 14.5 SSL enabled (protocol=TLSv1.3, cipher=TLS_AES_256_GCM_SHA384, bits=256)",{},[],postgres,0,null,[],null
e163d1e1-9b7e-4225-9f8b-c4035325ed2a,"""2026-06-29T12:21:25.857Z""",2026-06-29T12:21:25.857000,success,00000,,,,"connection authorized: user=authenticator database=postgres application_name=PostgREST 14.5 SSL enabled (protocol=TLSv1.3, cipher=TLS_AES_256_GCM_SHA384, bits=256)",{},[],postgres,0,null,[],null
c8b2f5ec-d7a4-4677-9e12-372f1352cb41,"""2026-06-29T12:21:25.857Z""",2026-06-29T12:21:25.857000,success,00000,,,,"connection authorized: user=authenticator database=postgres application_name=PostgREST 14.5 SSL enabled (protocol=TLSv1.3, cipher=TLS_AES_256_GCM_SHA384, bits=256)",{},[],postgres,0,null,[],null
7c4777be-121b-4578-8338-6b8399dc9451,"""2026-06-29T12:21:25.857Z""",2026-06-29T12:21:25.857000,success,00000,,,,"connection authorized: user=authenticator database=postgres application_name=PostgREST 14.5 SSL enabled (protocol=TLSv1.3, cipher=TLS_AES_256_GCM_SHA384, bits=256)",{},[],postgres,0,null,[],null
75603532-4d2d-4de0-a20e-45768488ff79,"""2026-06-29T12:21:25.856Z""",2026-06-29T12:21:25.856000,success,00000,,,,"connection authorized: user=authenticator database=postgres application_name=PostgREST 14.5 SSL enabled (protocol=TLSv1.3, cipher=TLS_AES_256_GCM_SHA384, bits=256)",{},[],postgres,0,null,[],null
1a909f90-3de5-40c7-9652-1854dbeacc91,"""2026-06-29T12:21:25.856Z""",2026-06-29T12:21:25.856000,success,00000,,,,"connection authorized: user=authenticator database=postgres application_name=PostgREST 14.5 SSL enabled (protocol=TLSv1.3, cipher=TLS_AES_256_GCM_SHA384, bits=256)",{},[],postgres,0,null,[],null
3e69b7a0-fb9e-4f50-891f-92c80307a3a0,"""2026-06-29T11:46:51.082Z""",2026-06-29T11:46:51.082000,success,00000,,,,"checkpoint complete: wrote 40 buffers (0.1%); 0 WAL file(s) added, 0 removed, 3 recycled; write=3.860 s, sync=0.006 s, total=3.901 s; sync files=13, longest=0.003 s, average=0.001 s; distance=49024 kB, estimate=56844 kB; lsn=3/60000080, redo lsn=3/60000028",{},[],postgres,0,null,[],null
4c395285-7136-44c4-a6bc-c736c7f2916d,"""2026-06-29T11:46:47.182Z""",2026-06-29T11:46:47.182000,success,00000,,,,checkpoint starting: time,{},[],postgres,0,null,[],null
948ac6f5-95a3-46cf-acfc-58783b7777e6,"""2026-06-29T11:45:47.656Z""",2026-06-29T11:45:47.656000,success,00000,,,,"connection authorized: user=authenticator database=postgres application_name=PostgREST 14.5 SSL enabled (protocol=TLSv1.3, cipher=TLS_AES_256_GCM_SHA384, bits=256)",{},[],postgres,0,null,[],null
3643dd60-ecba-412e-a2fc-49a397f9f6bb,"""2026-06-29T11:45:47.656Z""",2026-06-29T11:45:47.656000,success,00000,,,,"connection authorized: user=authenticator database=postgres application_name=PostgREST 14.5 SSL enabled (protocol=TLSv1.3, cipher=TLS_AES_256_GCM_SHA384, bits=256)",{},[],postgres,0,null,[],null
fe13af64-4fdd-4e3f-821a-7b9d639bc5ea,"""2026-06-29T11:45:47.656Z""",2026-06-29T11:45:47.656000,success,00000,,,,"connection authorized: user=authenticator database=postgres application_name=PostgREST 14.5 SSL enabled (protocol=TLSv1.3, cipher=TLS_AES_256_GCM_SHA384, bits=256)",{},[],postgres,0,null,[],null
c395675f-1e5b-4244-8099-b9ed7a81caf6,"""2026-06-29T11:45:47.656Z""",2026-06-29T11:45:47.656000,success,00000,,,,"connection authorized: user=authenticator database=postgres application_name=PostgREST 14.5 SSL enabled (protocol=TLSv1.3, cipher=TLS_AES_256_GCM_SHA384, bits=256)",{},[],postgres,0,null,[],null
14f0f98d-63f0-4bf7-beff-35596cb44297,"""2026-06-29T11:45:47.655Z""",2026-06-29T11:45:47.655000,success,00000,,,,"connection authorized: user=authenticator database=postgres application_name=PostgREST 14.5 SSL enabled (protocol=TLSv1.3, cipher=TLS_AES_256_GCM_SHA384, bits=256)",{},[],postgres,0,null,[],null
fcb1d73c-c41f-4008-bc5d-e6f0aff07444,"""2026-06-29T11:45:47.655Z""",2026-06-29T11:45:47.655000,success,00000,,,,"connection authorized: user=authenticator database=postgres application_name=PostgREST 14.5 SSL enabled (protocol=TLSv1.3, cipher=TLS_AES_256_GCM_SHA384, bits=256)",{},[],postgres,0,null,[],null
d6407cb5-9fe0-46dd-b317-7c31e8f10357,"""2026-06-29T11:45:47.655Z""",2026-06-29T11:45:47.655000,success,00000,,,,"connection authorized: user=authenticator database=postgres application_name=PostgREST 14.5 SSL enabled (protocol=TLSv1.3, cipher=TLS_AES_256_GCM_SHA384, bits=256)",{},[],postgres,0,null,[],null
764c6fc1-490b-422e-a80d-02239c83eb72,"""2026-06-29T11:45:47.655Z""",2026-06-29T11:45:47.655000,success,00000,,,,"connection authorized: user=authenticator database=postgres application_name=PostgREST 14.5 SSL enabled (protocol=TLSv1.3, cipher=TLS_AES_256_GCM_SHA384, bits=256)",{},[],postgres,0,null,[],null
04eafe8e-3b24-435c-a136-8b5f04ff1087,"""2026-06-29T11:45:47.655Z""",2026-06-29T11:45:47.655000,success,00000,,,,"connection authorized: user=authenticator database=postgres application_name=PostgREST 14.5 SSL enabled (protocol=TLSv1.3, cipher=TLS_AES_256_GCM_SHA384, bits=256)",{},[],postgres,0,null,[],null
17572136-e472-4b40-a055-85c93055f9db,"""2026-06-29T11:45:47.655Z""",2026-06-29T11:45:47.655000,success,00000,,,,"connection authorized: user=authenticator database=postgres application_name=PostgREST 14.5 SSL enabled (protocol=TLSv1.3, cipher=TLS_AES_256_GCM_SHA384, bits=256)",{},[],postgres,0,null,[],null
a87de515-488e-4309-8843-ba91c3c0a8dd,"""2026-06-29T11:44:01.239Z""",2026-06-29T11:44:01.239000,success,00000,,,,"connection authorized: user=authenticator database=postgres application_name=PostgREST 14.5 SSL enabled (protocol=TLSv1.3, cipher=TLS_AES_256_GCM_SHA384, bits=256)",{},[],postgres,0,null,[],null
0ee23783-9c7e-493d-b598-51f4b852b296,"""2026-06-29T11:44:01.236Z""",2026-06-29T11:44:01.236000,success,00000,,,,"connection authorized: user=authenticator database=postgres application_name=PostgREST 14.5 SSL enabled (protocol=TLSv1.3, cipher=TLS_AES_256_GCM_SHA384, bits=256)",{},[],postgres,0,null,[],null
7c5a4921-0349-498b-a386-d1e5f5a3ede3,"""2026-06-29T11:44:01.235Z""",2026-06-29T11:44:01.235000,success,00000,,,,"connection authorized: user=authenticator database=postgres application_name=PostgREST 14.5 SSL enabled (protocol=TLSv1.3, cipher=TLS_AES_256_GCM_SHA384, bits=256)",{},[],postgres,0,null,[],null
32777bc8-2afc-4655-8910-ca4cceaac3ad,"""2026-06-29T11:44:01.232Z""",2026-06-29T11:44:01.232000,success,00000,,,,"connection authorized: user=authenticator database=postgres application_name=PostgREST 14.5 SSL enabled (protocol=TLSv1.3, cipher=TLS_AES_256_GCM_SHA384, bits=256)",{},[],postgres,0,null,[],null
60ac9a1c-164b-496f-9ac9-dd1b4a811f82,"""2026-06-29T11:44:01.231Z""",2026-06-29T11:44:01.231000,success,00000,,,,"connection authorized: user=authenticator database=postgres application_name=PostgREST 14.5 SSL enabled (protocol=TLSv1.3, cipher=TLS_AES_256_GCM_SHA384, bits=256)",{},[],postgres,0,null,[],null
9454d7f1-670b-4e90-ada7-5dcde3056e73,"""2026-06-29T11:44:01.229Z""",2026-06-29T11:44:01.229000,success,00000,,,,"connection authorized: user=authenticator database=postgres application_name=PostgREST 14.5 SSL enabled (protocol=TLSv1.3, cipher=TLS_AES_256_GCM_SHA384, bits=256)",{},[],postgres,0,null,[],null
1c485d24-9d86-416b-8ec3-8f937a9b1f7e,"""2026-06-29T11:44:01.229Z""",2026-06-29T11:44:01.229000,success,00000,,,,"connection authorized: user=authenticator database=postgres application_name=PostgREST 14.5 SSL enabled (protocol=TLSv1.3, cipher=TLS_AES_256_GCM_SHA384, bits=256)",{},[],postgres,0,null,[],null
66b75246-25c0-457f-8770-b4ea0d3abc63,"""2026-06-29T11:44:01.225Z""",2026-06-29T11:44:01.225000,success,00000,,,,"connection authorized: user=authenticator database=postgres application_name=PostgREST 14.5 SSL enabled (protocol=TLSv1.3, cipher=TLS_AES_256_GCM_SHA384, bits=256)",{},[],postgres,0,null,[],null
60e268cd-b20e-4fdc-b261-6e14e835bfec,"""2026-06-29T11:44:01.224Z""",2026-06-29T11:44:01.224000,success,00000,,,,"connection authorized: user=authenticator database=postgres application_name=PostgREST 14.5 SSL enabled (protocol=TLSv1.3, cipher=TLS_AES_256_GCM_SHA384, bits=256)",{},[],postgres,0,null,[],null
f7d90283-7b41-47e8-9a71-013cf50cf402,"""2026-06-29T11:44:01.224Z""",2026-06-29T11:44:01.224000,success,00000,,,,"connection authorized: user=authenticator database=postgres application_name=PostgREST 14.5 SSL enabled (protocol=TLSv1.3, cipher=TLS_AES_256_GCM_SHA384, bits=256)",{},[],postgres,0,null,[],null
1c94e9f3-7352-4e90-b427-13aeeaa53996,"""2026-06-29T11:42:59.545Z""",2026-06-29T11:42:59.545000,success,00000,,,,"connection authorized: user=authenticator database=postgres application_name=PostgREST 14.5 SSL enabled (protocol=TLSv1.3, cipher=TLS_AES_256_GCM_SHA384, bits=256)",{},[],postgres,0,null,[],null
50b67465-85f2-4685-adb3-cf3af8049f99,"""2026-06-29T11:42:59.545Z""",2026-06-29T11:42:59.545000,success,00000,,,,"connection authorized: user=authenticator database=postgres application_name=PostgREST 14.5 SSL enabled (protocol=TLSv1.3, cipher=TLS_AES_256_GCM_SHA384, bits=256)",{},[],postgres,0,null,[],null
8a18713a-0c9e-4557-a77a-30efba7d36a1,"""2026-06-29T11:42:59.545Z""",2026-06-29T11:42:59.545000,success,00000,,,,"connection authorized: user=authenticator database=postgres application_name=PostgREST 14.5 SSL enabled (protocol=TLSv1.3, cipher=TLS_AES_256_GCM_SHA384, bits=256)",{},[],postgres,0,null,[],null
8895c597-87a1-4b1d-aab7-8b8660515af0,"""2026-06-29T11:42:59.544Z""",2026-06-29T11:42:59.544000,success,00000,,,,"connection authorized: user=authenticator database=postgres application_name=PostgREST 14.5 SSL enabled (protocol=TLSv1.3, cipher=TLS_AES_256_GCM_SHA384, bits=256)",{},[],postgres,0,null,[],null
e997e4c9-6c74-4b60-aa73-0bc5fef063a4,"""2026-06-29T11:42:59.544Z""",2026-06-29T11:42:59.544000,success,00000,,,,"connection authorized: user=authenticator database=postgres application_name=PostgREST 14.5 SSL enabled (protocol=TLSv1.3, cipher=TLS_AES_256_GCM_SHA384, bits=256)",{},[],postgres,0,null,[],null
84711812-dba2-4df5-a782-44fbde2dc761,"""2026-06-29T11:42:59.544Z""",2026-06-29T11:42:59.544000,success,00000,,,,"connection authorized: user=authenticator database=postgres application_name=PostgREST 14.5 SSL enabled (protocol=TLSv1.3, cipher=TLS_AES_256_GCM_SHA384, bits=256)",{},[],postgres,0,null,[],null
dc69234c-7dfb-41d0-975a-f435af07ee59,"""2026-06-29T11:42:59.544Z""",2026-06-29T11:42:59.544000,success,00000,,,,"connection authorized: user=authenticator database=postgres application_name=PostgREST 14.5 SSL enabled (protocol=TLSv1.3, cipher=TLS_AES_256_GCM_SHA384, bits=256)",{},[],postgres,0,null,[],null
9e436d94-8ca9-4207-8750-b8f90b597d34,"""2026-06-29T11:42:59.544Z""",2026-06-29T11:42:59.544000,success,00000,,,,"connection authorized: user=authenticator database=postgres application_name=PostgREST 14.5 SSL enabled (protocol=TLSv1.3, cipher=TLS_AES_256_GCM_SHA384, bits=256)",{},[],postgres,0,null,[],null
913146f1-c306-47e0-8b2e-1db2d54e6895,"""2026-06-29T11:41:54.205Z""",2026-06-29T11:41:54.205000,success,00000,,,,"checkpoint complete: wrote 55 buffers (0.2%); 0 WAL file(s) added, 0 removed, 2 recycled; write=6.355 s, sync=0.011 s, total=6.434 s; sync files=19, longest=0.009 s, average=0.001 s; distance=32895 kB, estimate=57712 kB; lsn=3/5D021AC0, redo lsn=3/5D01FC40",{},[],postgres,0,null,[],null
8c9e63d1-d6bb-4588-ba2f-79ee147ad222,"""2026-06-29T11:41:48.801Z""",2026-06-29T11:41:48.801000,success,00000,,,,"connection authorized: user=authenticator database=postgres application_name=PostgREST 14.5 SSL enabled (protocol=TLSv1.3, cipher=TLS_AES_256_GCM_SHA384, bits=256)",{},[],postgres,0,null,[],null
b02f3a48-68de-4253-b7b9-bf5e3dafeeb7,"""2026-06-29T11:41:48.801Z""",2026-06-29T11:41:48.801000,success,00000,,,,"connection authorized: user=authenticator database=postgres application_name=PostgREST 14.5 SSL enabled (protocol=TLSv1.3, cipher=TLS_AES_256_GCM_SHA384, bits=256)",{},[],postgres,0,null,[],null
05df9b11-1aad-472c-b759-3e7fbc088f62,"""2026-06-29T11:41:48.801Z""",2026-06-29T11:41:48.801000,success,00000,,,,"connection authorized: user=authenticator database=postgres application_name=PostgREST 14.5 SSL enabled (protocol=TLSv1.3, cipher=TLS_AES_256_GCM_SHA384, bits=256)",{},[],postgres,0,null,[],null
d17d4fb7-9eca-4586-b02e-faf350b0e8a6,"""2026-06-29T11:41:48.801Z""",2026-06-29T11:41:48.801000,success,00000,,,,"connection authorized: user=authenticator database=postgres application_name=PostgREST 14.5 SSL enabled (protocol=TLSv1.3, cipher=TLS_AES_256_GCM_SHA384, bits=256)",{},[],postgres,0,null,[],null
4e954505-da54-490c-ad71-1a380d1a601d,"""2026-06-29T11:41:48.801Z""",2026-06-29T11:41:48.801000,success,00000,,,,"connection authorized: user=authenticator database=postgres application_name=PostgREST 14.5 SSL enabled (protocol=TLSv1.3, cipher=TLS_AES_256_GCM_SHA384, bits=256)",{},[],postgres,0,null,[],null
c374c91e-21e7-4d81-9830-0f1cd8ff9b3f,"""2026-06-29T11:41:48.801Z""",2026-06-29T11:41:48.801000,success,00000,,,,"connection authorized: user=authenticator database=postgres application_name=PostgREST 14.5 SSL enabled (protocol=TLSv1.3, cipher=TLS_AES_256_GCM_SHA384, bits=256)",{},[],postgres,0,null,[],null
18e2b2fe-c9ec-4d58-97da-15ea3a924730,"""2026-06-29T11:41:48.801Z""",2026-06-29T11:41:48.801000,success,00000,,,,"connection authorized: user=authenticator database=postgres application_name=PostgREST 14.5 SSL enabled (protocol=TLSv1.3, cipher=TLS_AES_256_GCM_SHA384, bits=256)",{},[],postgres,0,null,[],null
226d98e1-9d59-47a1-9601-b82779b5a92b,"""2026-06-29T11:41:48.801Z""",2026-06-29T11:41:48.801000,success,00000,,,,"connection authorized: user=authenticator database=postgres application_name=PostgREST 14.5 SSL enabled (protocol=TLSv1.3, cipher=TLS_AES_256_GCM_SHA384, bits=256)",{},[],postgres,0,null,[],null
c77669d7-c1d4-42e2-91db-652ca1052d49,"""2026-06-29T11:41:48.801Z""",2026-06-29T11:41:48.801000,success,00000,,,,"connection authorized: user=authenticator database=postgres application_name=PostgREST 14.5 SSL enabled (protocol=TLSv1.3, cipher=TLS_AES_256_GCM_SHA384, bits=256)",{},[],postgres,0,null,[],null
943197bb-23fa-492b-8bb1-381ce6afbb2a,"""2026-06-29T11:41:48.801Z""",2026-06-29T11:41:48.801000,success,00000,,,,"connection authorized: user=authenticator database=postgres application_name=PostgREST 14.5 SSL enabled (protocol=TLSv1.3, cipher=TLS_AES_256_GCM_SHA384, bits=256)",{},[],postgres,0,null,[],null
f73d162e-dfd0-491a-b588-d5a7b70dd485,"""2026-06-29T11:41:47.769Z""",2026-06-29T11:41:47.769000,success,00000,,,,checkpoint starting: time,{},[],postgres,0,null,[],null
5e222238-7fbc-4c4c-8e1c-298d3b3e7cc6,"""2026-06-29T11:39:34.577Z""",2026-06-29T11:39:34.577000,success,00000,,,,"connection authorized: user=authenticator database=postgres application_name=PostgREST 14.5 SSL enabled (protocol=TLSv1.3, cipher=TLS_AES_256_GCM_SHA384, bits=256)",{},[],postgres,0,null,[],null
d971fc15-459a-4031-bb3b-ddadef871a9b,"""2026-06-29T11:39:34.574Z""",2026-06-29T11:39:34.574000,success,00000,,,,"connection authorized: user=authenticator database=postgres application_name=PostgREST 14.5 SSL enabled (protocol=TLSv1.3, cipher=TLS_AES_256_GCM_SHA384, bits=256)",{},[],postgres,0,null,[],null
1ffc759b-b917-46f2-8dc2-cfcaecdf7d25,"""2026-06-29T11:39:34.565Z""",2026-06-29T11:39:34.565000,success,00000,,,,"connection authorized: user=authenticator database=postgres application_name=PostgREST 14.5 SSL enabled (protocol=TLSv1.3, cipher=TLS_AES_256_GCM_SHA384, bits=256)",{},[],postgres,0,null,[],null
75f52945-a082-4924-b37a-a538e6fb6ee5,"""2026-06-29T11:39:34.552Z""",2026-06-29T11:39:34.552000,success,00000,,,,"connection authorized: user=authenticator database=postgres application_name=PostgREST 14.5 SSL enabled (protocol=TLSv1.3, cipher=TLS_AES_256_GCM_SHA384, bits=256)",{},[],postgres,0,null,[],null
a7c46173-6e16-4ce1-acbf-32338fa950d6,"""2026-06-29T11:39:34.552Z""",2026-06-29T11:39:34.552000,success,00000,,,,"connection authorized: user=authenticator database=postgres application_name=PostgREST 14.5 SSL enabled (protocol=TLSv1.3, cipher=TLS_AES_256_GCM_SHA384, bits=256)",{},[],postgres,0,null,[],null
2458d868-d64e-46e9-914a-5dbccfd57c63,"""2026-06-29T11:39:34.552Z""",2026-06-29T11:39:34.552000,success,00000,,,,"connection authorized: user=authenticator database=postgres application_name=PostgREST 14.5 SSL enabled (protocol=TLSv1.3, cipher=TLS_AES_256_GCM_SHA384, bits=256)",{},[],postgres,0,null,[],null
9d054b05-7c10-4b6e-a08a-42be590e1c9c,"""2026-06-29T11:39:33.934Z""",2026-06-29T11:39:33.934000,success,00000,,,,"connection authorized: user=authenticator database=postgres application_name=PostgREST 14.5 SSL enabled (protocol=TLSv1.3, cipher=TLS_AES_256_GCM_SHA384, bits=256)",{},[],postgres,0,null,[],null
91ec28e3-63dd-42d8-863d-0804accc0d25,"""2026-06-29T11:39:33.934Z""",2026-06-29T11:39:33.934000,success,00000,,,,"connection authorized: user=authenticator database=postgres application_name=PostgREST 14.5 SSL enabled (protocol=TLSv1.3, cipher=TLS_AES_256_GCM_SHA384, bits=256)",{},[],postgres,0,null,[],null
c72ad977-b8da-4658-b63c-6ed007f511d1,"""2026-06-29T11:39:33.933Z""",2026-06-29T11:39:33.933000,success,00000,,,,"connection authorized: user=authenticator database=postgres application_name=PostgREST 14.5 SSL enabled (protocol=TLSv1.3, cipher=TLS_AES_256_GCM_SHA384, bits=256)",{},[],postgres,0,null,[],null
20c3870d-8187-4e8e-91bc-fb96f1caafc9,"""2026-06-29T11:39:33.933Z""",2026-06-29T11:39:33.933000,success,00000,,,,"connection authorized: user=authenticator database=postgres application_name=PostgREST 14.5 SSL enabled (protocol=TLSv1.3, cipher=TLS_AES_256_GCM_SHA384, bits=256)",{},[],postgres,0,null,[],null
75abac26-c3da-4d83-b527-0357529e3958,"""2026-06-29T11:39:07.255Z""",2026-06-29T11:39:07.255000,success,00000,,,,"checkpoint complete: wrote 1027 buffers (3.6%); 0 WAL file(s) added, 0 removed, 3 recycled; write=140.017 s, sync=0.009 s, total=140.151 s; sync files=42, longest=0.003 s, average=0.001 s; distance=49083 kB, estimate=60470 kB; lsn=3/5C00CF88, redo lsn=3/5B000028",{},[],postgres,0,null,[],null
bf294acd-9a44-407c-b3d7-595a5cc54f89,"""2026-06-29T11:38:27.663Z""",2026-06-29T11:38:27.663000,success,00000,,,,"connection authorized: user=authenticator database=postgres application_name=PostgREST 14.5 SSL enabled (protocol=TLSv1.3, cipher=TLS_AES_256_GCM_SHA384, bits=256)",{},[],postgres,0,null,[],null
34e3975e-782f-4663-9d66-d0aae7e854c3,"""2026-06-29T11:38:27.663Z""",2026-06-29T11:38:27.663000,success,00000,,,,"connection authorized: user=authenticator database=postgres application_name=PostgREST 14.5 SSL enabled (protocol=TLSv1.3, cipher=TLS_AES_256_GCM_SHA384, bits=256)",{},[],postgres,0,null,[],null